<?xml version="1.0" encoding="utf-8"?>

<diff>
	<add sel="/gamestarts">
		<gamestart id="x4ep1_gamestart_uaw" name="Universe at War" description="The universe is in turmoil with the major powers all fighting each other.  It could be a great opportunity, or the end of everything." image="gamestart_1" group="1">
			<info>
				<item name="{1021,8}" value="{1021,102}" />
				<item name="{1021,1}" value="{1021,103}" />
				<item name="{1021,2}" value="{1021,104}" />
				<item name="{1021,3}" value="{1021,105}" />
			</info>
			<location galaxy="xu_ep2_universe_macro" zone="zone004_cluster_14_sector001_macro" room="dockingbay_arg_s_01_macro" station="station_gen_factory_base_01_macro" wharf="true">
				<player>
					<position x="-2.5" y="1.7" z="21" />
					<rotation yaw="145" pitch="0" roll="0" />
				</player>
			</location>
			<player macro="character_player_tutorial_macro" money="10000" name="{1021,102}">
				<ship macro="ship_arg_s_fighter_02_a_macro">
					<loadout>
						<macros>
							<engine macro="engine_arg_s_allround_01_mk1_macro" path="../con_engine_01" />
							<weapon macro="weapon_gen_s_laser_01_mk1_macro" path="../con_weapon_01" optional="1" />
							<shield macro="shield_arg_s_standard_01_mk1_macro" path="../con_shield_01" optional="1" />
						</macros>
						<ammunition>
							<ammunition macro="eq_arg_satellite_01_macro" exact="5" optional="true"/>
							<ammunition macro="env_deco_nav_beacon_t1_macro" exact="5" optional="true"/>
							<ammunition macro="eq_arg_resourceprobe_01_macro" exact="5" optional="true"/>
						</ammunition>
						<software>
							<software ware="software_targetmk1" />
							<software ware="software_scannerlongrangemk1" />
						</software>
						<virtualmacros>
							<thruster macro="thruster_gen_s_allround_01_mk1_macro" />
						</virtualmacros>
					</loadout>
				</ship>
				<inventory>
					<ware ware="weapon_gen_spacesuit_repairlaser_01_mk1" amount="1" />
					<ware ware="software_scannerobjectmk3" amount="1" />
				</inventory>
				<blueprints>
					<ware ware="paintmod_0006"/>
					<ware ware="paintmod_0048"/>
					<ware ware="paintmod_0049"/>
					<ware ware="paintmod_0050"/>
				</blueprints>
				<research>
					<ware ware="research_radioreceiver" />
					<ware ware="research_sensorbooster" />
					<ware ware="research_tradeinterface" />
					<ware ware="research_module_build"/>
					<ware ware="research_module_defence"/>
					<ware ware="research_module_dock"/>
					<ware ware="research_module_habitation"/>
					<ware ware="research_module_production"/>
					<ware ware="research_module_storage"/>
					<ware ware="research_module_venture"/>
					<ware ware="research_mod_engine_mk1"/>
					<ware ware="research_mod_engine_mk2"/>
					<ware ware="research_mod_engine_mk3"/>
					<ware ware="research_mod_shield_mk1"/>
					<ware ware="research_mod_shield_mk2"/>
					<ware ware="research_mod_shield_mk3"/>
					<ware ware="research_mod_ship_mk1"/>
					<ware ware="research_mod_ship_mk2"/>
					<ware ware="research_mod_ship_mk3"/>
					<ware ware="research_mod_weapon_mk1"/>
					<ware ware="research_mod_weapon_mk2"/>
					<ware ware="research_mod_weapon_mk3"/>
					<ware ware="research_teleportation"/>
					<ware ware="research_teleportation_range_01"/>
					<ware ware="research_teleportation_range_02"/>
					<ware ware="research_teleportation_range_03"/>
				</research>
			</player>
		</gamestart>
	</add>
</diff>